<zimletConfig name="zimbra_samba" version="6.1"> 
<!--
 * ***** BEGIN LICENSE BLOCK *****
 * 
 * Zimbra Collaboration Suite Server
 * Copyright (C) 2007, 2008, 2009, 2010, 2011 VMware, Inc.
 * 
 * The contents of this file are subject to the Zimbra Public License
 * Version 1.3 ("License"); you may not use this file except in
 * compliance with the License.  You may obtain a copy of the License at
 * http://www.zimbra.com/license.
 * 
 * Software distributed under the License is distributed on an "AS IS"
 * basis, WITHOUT WARRANTY OF ANY KIND, either express or implied.
 * 
 * ***** END LICENSE BLOCK *****
-->
   <global> 
               <property name="gidBase">20000</property> 
               <property name="uidBase">10000</property> 
               <property name="ridBase">1000</property> 
               <property name="ldapSuffix">dc=example,dc=com</property> 
               <property name="ldapGroupSuffix">ou=groups</property> 
               <property name="ldapMachineSuffix">ou=machines</property> 
   </global> 
</zimletConfig>
