<zimlet name="zimbra_samba" version="6.0.3" description="Admin Extension for managing Samba User Accounts" extension="true">
<!--
 * ***** BEGIN LICENSE BLOCK *****
 * 
 * Zimbra Collaboration Suite Server
 * Copyright (C) 2007, 2008, 2009, 2010, 2011 VMware, Inc.
 * 
 * The contents of this file are subject to the Zimbra Public License
 * Version 1.3 ("License"); you may not use this file except in
 * compliance with the License.  You may obtain a copy of the License at
 * http://www.zimbra.com/license.
 * 
 * Software distributed under the License is distributed on an "AS IS"
 * basis, WITHOUT WARRANTY OF ANY KIND, either express or implied.
 * 
 * ***** END LICENSE BLOCK *****
-->
<include>zimbra_samba_md4.js</include>
<include>zimbra_samba.js</include>
<include>ZaSambaAcFlagsXFormItem.js</include>
<include>ZaSamAccount.js</include>
<include>ZaSambaDomain.js</include>
<include>ZaSambaDomainController.js</include>
<include>ZaSambaDomainListController.js</include>
<include>ZaSambaDomainListView.js</include>
<include>ZaSambaDomainXFormView.js</include>
<include>ZaSambaGroupMapping.js</include>
</zimlet>
