<zimlet name="zimbra_posixaccount" version="1" description="Admin Extension for managing  Posix Accounts" extension="true">
<!--
 * ***** BEGIN LICENSE BLOCK *****
 * 
 * Zimbra Collaboration Suite Server
 * Copyright (C) 2007, 2010, 2011 VMware, Inc.
 * 
 * The contents of this file are subject to the Zimbra Public License
 * Version 1.3 ("License"); you may not use this file except in
 * compliance with the License.  You may obtain a copy of the License at
 * http://www.zimbra.com/license.
 * 
 * Software distributed under the License is distributed on an "AS IS"
 * basis, WITHOUT WARRANTY OF ANY KIND, either express or implied.
 * 
 * ***** END LICENSE BLOCK *****
-->
<include>zimbra_posixaccount.js</include>
<include>ZaPosixGroup.js</include>
<include>ZaPosixGroupController.js</include>
<include>ZaPosixGroupListController.js</include>
<include>ZaPosixGroupListView.js</include>
<include>ZaPosixGroupXFormView.js</include>
</zimlet>
